{"class_weights": [0.6716194930611641, 0.49999796688132964, 2.1094458172060944, 27.030396107316804], "class_pixel_counts": [152418072, 204734729, 48527887, 3787105]}